Java,124
new,52
Basics,47
The,44
int,40
Button,39
code,38
Data,31
class,29
b,28
object,26
All,25
method,25
1996-2003,23
jGuru.com,23
Rights,23
Reserved,23
C++,23
1,22
applet,22
public,22
array,22
objects,21
example,19
*/,19
3,18
5,17
C/C++,16
use,15
String,14
language,14
void,14
This,14
For,14
memory,14
return,14
types,13
T,13
data,12
may,12
comments,12
C,12
browser,11
null,11
2,10
runtime,10
program,10
pointer,10
methods,10
following,10
+,10
would,10
make,9
system,9
file,9
A,9
called,9
primitive,9
reference,9
operator,9
a.data,9
programs,8
applets,8
applications,8
collection,8
two,8
string,8
To,8
*,8
allocate,8
4,8
In,8
j,8
You,7
one,7
byte,7
No,7
An,7
Applet,7
init,7
g,7
bits,7
OK,7
garbage,7
constant,7
element,7
b.data,7
main,6
args,6
parameters,6
refer,6
type,6
heap,6
equivalent,6
sizeof,6
pointers,6
literal,6
arrays,6
e,6
Stack,6
portable,5
executed,5
platform,5
source,5
--,5
predefined,5
static,5
variables,5
used,5
threads,5
import,5
similar,5
value,5
Note,5
using,5
Primitive,5
boolean,5
calloc,5
elements,5
f,5
passed,5
makes,4
Expressions,4
Garbage,4
need,4
effect,4
library,4
compiler,4
write,4
Array,4
definition,4
WWW,4
must,4
System.out.println,4
definitions,4
instance,4
start,4
animations,4
stop,4
test,4
tag,4
p1,4
p2,4
width,4
34,4
C-style,4
comment,4
ints,4
Objects,4
allocates,4
stack,4
foo,4
*b,4
NULL,4
strings,4
button,4
',4
boolean-expr,4
else,4
semantics,4
copy,4
include,3
I,3
Statements,3
defined,3
contrast,3
therefore,3
function,3
easily,3
arithmetic,3
compilation,3
programming,3
messages,3
shows,3
reside,3
output,3
first,3
look,3
always,3
within,3
appletviewer,3
automatically,3
GUI,3
buttons,3
paint,3
Graphics,3
drawn,3
resources,3
destroy,3
call,3
default,3
java.applet.Applet,3
extends,3
create,3
n't,3
like,3
parameter,3
param,3
getParameter,3
style,3
These,3
blah,3
nothing,3
Variables,3
TypeName,3
defines,3
Description,3
define,3
statements,3
point,3
e.g.,3
length,3
convert,3
either,3
references,3
QUIT,3
Allocate,3
exception,3
assigned,3
true,3
final,3
Examples,3
id,3
operators,3
-,3
stat1,3
i++,3
loop,3
consider,3
automatic,3
collector,3
1000,3
section,2
secure,2
robust,2
structure,2
How,2
invoked,2
Comments,2
Declarations,2
Semantics,2
Portability,2
hardware,2
version,2
longer,2
particular,2
features,2
By,2
available,2
machine,2
calls,2
application,2
written,2
interpreted,2
There,2
level,2
bounds,2
checking,2
I/O,2
host,2
It,2
execution,2
bad,2
addresses,2
Program,2
containing,2
unit,2
contains,2
set,2
classes,2
contain,2
specify,2
state,2
behavior,2
window,2
Applets,2
subclass,2
Unlike,2
lifecycle,2
Execution,2
placed,2
If,2
instantiates,2
variable,2
done,2
dynamically,2
Simple,2
prints,2
hi,2
standard,2
TrivialApplication,2
second,2
creates,2
invoke,2
initialized,2
components,2
added,2
leave,2
suspend,2
dispose,2
etc,2
simply,2
Hello,2
World,2
Wide,2
Web,2
TrivialApplet,2
20,2
HTML,2
form,2
code=AppletName.class,2
/applet,2
optional,2
access,2
text,2
opening,2
ignored,2
line,2
document,2
documentation,2
simple,2
syntax,2
variableName,2
integer,2
Vector,2
Types,2
char,2
float,2
double,2
16,2
32,2
64,2
IEEE,2
754-1985,2
space,2
points,2
As,2
declare,2
Each,2
Integer,2
addition,2
Strings,2
Every,2
Object,2
Buttons,2
**a,2
task,2
Init,2
setTitle,2
10,2
statement,2
Accessing,2
causes,2
yet,2
Employee,2
const,2
Item,2
nameList,2
delimited,2
suffix,2
/,2
expr,2
instanceof,2
?,2
switch,2
stat2,2
case,2
int-const-expr,2
stat,2
break,2
continue,2
labels,2
We,2
however,2
way,2
Assignment,2
clone,2
d.data,2
handling,2
However,2
*bfoo,2
equal,2
instantiated,2
comparison,2
c,2
FALSE,2
TRUE,2
equals,2
illustrate,2
push,2
dereference,2
time,2
allocated,2
freed,2
Topics,1
What,1
Language,1
Part,1
across,1
operating,1
systems,1
environments,1
advantage,1
software,1
serve,1
broad,1
market,1
Internet,1
becomes,1
giant,1
dynamic,1
limited,1
computer,1
Three,1
completely,1
specified,1
data-type,1
sizes,1
formats,1
part,1
leaves,1
details,1
implementor,1
many,1
-1,1
every,1
Window-manager,1
Mac,1
port,1
well,1
PC,1
compile,1
directly,1
inflexible,1
nonportable,1
representation,1
Instead,1
translated,1
machine-independent,1
latest,1
versions,1
Netscape,1
Navigator,1
run,1
virtually,1
Security,1
difficult,1
incorrect,1
viruses,1
corrupt/steal,1
harm,1
hard,1
disks,1
lines,1
defense,1
Interpreter,1
illegal,1
conversions,1
Browser,1
applies,1
local,1
Sockets,1
back,1
native,1
Robustness,1
several,1
designed,1
avoid,1
crashes,1
including,1
-2,1
jumping,1
Interfaces,1
exceptions,1
Structure,1
considered,1
Such,1
optionally,1
package,1
group,1
related,1
together,1
Classes,1
members,1
come,1
flavors,1
Standalone,1
initial,1
context,1
pre-existing,1
major,1
differences,1
allowed,1
sockets,1
Applications,1
restrictions,1
Aplications,1
menus,1
respond,1
're,1
running,1
byte-code,1
translates,1
machine-,1
independent,1
publicly,1
visible,1
separate,1
find,1
loader,1
searches,1
directories,1
listed,1
CLASSPATH,1
environment,1
A.class,1
link,1
phase,1
linking,1
-3,1
diagram,1
sequence,1
named,1
A.java,1
non-public,1
B,1
distributed,1
think,1
DLLs,1
loadable,1
libraries,1
linked,1
demand,1
When,1
often,1
integrate,1
already-existing,1
portions,1
machines,1
Application,1
Consider,1
trivial,1
-4,1
argument,1
command,1
java,1
tells,1
begin,1
TrivialApplication.class,1
signature,1
files,1
allow,1
outside,1
scoped,1
symbol,1
StartingClassName.main,1
runs,1
Java-compatible,1
execute,1
Creates,1
Sends,1
takes,1
place,1
constructor,1
creation,1
Instance,1
scrollbars,1
whenever,1
revisited,1
deiconify,1
drawing,1
area,1
needs,1
redrawn,1
Anything,1
contained,1
Bitmaps,1
handle,1
painting,1
iconify,1
-5,1
burden,1
unnecessarily,1
guaranteed,1
terminates,1
quitting,1
Final,1
clean-up,1
operations,1
freeing,1
Frame,1
removes,1
menu,1
bar,1
Therefore,1
forget,1
super.dispose,1
override,1
basic,1
uses,1
AWT,1
java.awt,1
AppletTemplate,1
initialize,1
draw,1
things,1
free,1
fill,1
appropriate,1
bring,1
life,1
ignore,1
attempting,1
complete,1
displays,1
java.awt.Graphics,1
display,1
"20,20",1
-6,1
"0,0",1
upper-left,1
corner,1
g.drawString,1
instead,1
looks,1
HTML/Applet,1
Interface,1
img,1
width=w,1
height=h,1
list,1
name=n,1
value=v,1
width=300,1
height=200,1
name=p1,1
value=34,1
name=p2,1
value=,1
user-defined,1
height,1
mandatory,1
codebase,1
alt,1
archives,1
align,1
vspace,1
hspace,1
Your,1
calling,1
Applet.getParameter,1
p,1
returns,1
ParamTest,1
-7,1
300,1
i.e.,1
block,1
closing,1
single-line,1
end,1
useful,1
combination,1
nested,1
leads,1
interesting,1
observation,1
C++-style,1
surrounding,1
So,1
try,1
normal,1
commentary,1
reserve,1
commenting,1
sections,1
also,1
processed,1
javadoc,1
generate,1
Blah,1
multiple,1
leading,1
-8,1
item,1
v,1
Type,1
true/false,1
short,1
long,1
8,1
UNICODE,1
signed,1
struct,1
specifically,1
instantiate,1
-9,1
accompanying,1
figure,1
places,1
something,1
stored,1
Storing,1
cause,1
potential,1
leakage,1
problems,1
Byte,1
Float,1
Double,1
provided,1
purely,1
efficiency,1
much,1
efficient,1
-10,1
literals,1
real,1
null-terminated,1
content,1
variable-length,1
StringBuffer,1
concatenated,1
plus,1
onetwo,1
concatenate,1
toString,1
converted,1
1+1=,1
1+1=2,1
obtained,1
abc,1
.length,1
String.valueOf,1
Integer.parseInt,1
know,1
number,1
index,1
Generic,1
-11,1
n-1,1
creating,1
declaration,1
size,1
square,1
brackets,1
-12,1
*a,1
Create,1
structs,1
another,1
-13,1
Multi-dimensional,1
created,1
making,1
five-element,1
ten,1
T.,1
undefined,1
ArrayIndexOutOfBoundsException,1
results,1
NullPointerException,1
Initializers,1
follows,1
Arrays,1
1.1,1
Constants,1
modified,1
keywords,1
constants,1
keyword,1
version=1,1
Owner,1
Terence,1
-14,1
Most,1
expressions,1
Constant,1
qualified-id,1
Integer.MAX_VALUE,1
obj.member,1
npackage.class,1
package.obj,1
Jim,1
'a,1
'\t,1
Unicode,1
character,1
\u00ae,1
false,1
3.14f,1
2.7e6F,1
F,1
3.14,1
2.7e6D,1
D,1
hexadecimal,1
octal,1
0x123,1
077,1
super,1
General,1
note,1
lowercase,1
current,1
superclass,1
view,1
-15,1
Operators,1
obj.method,1
class.method,1
3+4,1
*7,1
constructor-args,1
zero-extend,1
right-shift,1
present,1
C.,1
removed,1
allocation,1
handled,1
order,1
highest,1
lowest,1
priority,1
++,1
~,1
^,1
|,1
||,1
*=,1
/=,1
+=,1
-=,1
^=,1
|=,1
precedence,1
bind,1
-16,1
differently,1
proper,1
.method,1
table,1
Forms,1
Common,1
Statement,1
int-expr,1
stat3,1
i=0,1
do-while,1
stats,1
specific,1
apply,1
preceded,1
label,1
say,1
means,1
treated,1
compared,1
arguments,1
-17,1
performs,1
32-bit,1
II,1
III,1
IV,1
implements,1
Cloneable,1
super.clone,1
a.clone,1
-18,1
requires,1
discussed,1
pretend,1
necessary,1
Method,1
Parameters,1
Return,1
Values,1
Arguments,1
values,1
implied,1
assignments,1
bfoo,1
Equality,1
Two,1
shallow,1
'd,1
-19,1
referring,1
perform,1
deep,1
convention,1
rewrite,1
a.equals,1
Pointers,1
address,1
difference,1
fragments,1
*s,1
s-,1
internally,1
s.push,1
Collection,1
deallocates,1
needed,1
thereby,1
relieving,1
tedious,1
error-prone,1
-20,1
deallocating,1
consequence,1
lack,1
valid,1
invalid,1
stale,1
deallocated,1
via,1
calloc/malloc,1
*t,1
ack,1
body,1
pointed,1
But,1
happens,1
It's,1
still,1
's,1
inaccessible,1
Memory,1
referred,1
leaked,1
leaks,1
issue,1
ill,1
effects,1
old,1
immediately,1
remains,1
thread,1
next,1
notices,1
Put,1
reduces,1
effort,1
errors,1
complexity,1
MML,1
0.995a,1
Version,1
Id,1
//depot/main/src/edu/modules/JavaBasics/javaBasics.mml,1
-21,1
-22,1
page,1
intentionally,1
left,1
blank,1
-23,1
